id;id_ex;siret;rup_mi;gestion;date_creat;date_decla;date_publi;date_disso;nature;groupement;titre;titre_court;objet;objet_social1;objet_social2;adrs_complement;adrs_numvoie;adrs_repetition;adrs_typevoie;adrs_libvoie;adrs_distrib;adrs_codeinsee;adrs_codepostal;adrs_libcommune;adrg_declarant;adrg_complemid;adrg_complemgeo;adrg_libvoie;adrg_distrib;adrg_codepostal;adrg_achemine;adrg_pays;dir_civilite;siteweb;publiweb;observation;position;maj_time
"W672000001";"1162";"";"";"372P";"1998-06-12";"2014-08-27";"1998-07-17";"0001-01-01";"D";"S";"ASSOCIATION NATIONALE D'OENOGRAPHILIE";"A.N.O.";"la collection des étiquettes de vin, eaux de vie,n spiritueux, et de tous les signes graphiques qui s'y rattachent avec le dessein de promouvoir et de défendre ces boissons; la sauvegarde de ce patrimoine graphique";"010005";"000000";"";"54 bis";"";"AV";"Jeanne d'Arc";"_";"37273";"37700";"La    Ville-aux-Dames";"";"";"";"54 BIS AVENUE JEANNE D'ARC";"";"37700";"LA VILLE AUX DAMES";"FRANCE";"PM";"";"1";"";"A";"2014-09-10 11:58:58"
"W672000102";"20180220";"";"";"401S";"2014-01-08";"2018-02-19";"1901-07-01";"0001-01-01";"D";"S";"TEAM FERRY";"TEAM FERRY";"soutenir le pilote de motocross alsacien Loïc Ferry dans la recherche de sponsors et promouvoir le motocross";"011160";"000000";"";"2188";"";"AV";"de Bordeaux";"_";"40304";"40150";"Soorts-Hossegor";"";"";"";"2188  AVENUE DE BORDEAUX";"";"40150";"SOORTS-HOSSEGOR";"FRANCE";"PM";"";"1";"";"A";"2018-08-21 20:00:05"
"W673000001";"69116473";"";"";"544S";"2013-02-14";"2023-10-26";"2013-06-12";"0001-01-01";"D";"S";"IN THE CUT";"IN THE CUT";"promotion de la culture underground, dans toute sa diversité ; les outils qu'elle se donne sont : l'organisation de concerts et de festivals, l'organisation de projections et d'expositions, et de tous évènements artistiques liés à cette culture ; afin de promouvoir ses évènements, l'association s'autorise tous les supports de communication disponibles : internet, presse écrite audiovisuels";"006100";"000000";"";"9";"";"RUE";"Petite Rue";"";"54552";"54330";"Vaudémont";"";"";"";"19  BOULEVARD LOBAU";"";"54000";"NANCY";"FRANCE";"PF";"";"1";"";"A";"2024-04-26 18:05:53"
"W674000001";"3823";"";"";"211S";"2012-01-31";"2023-05-15";"0001-01-01";"0001-01-01";"D";"S";"ASSOCIATION DES MELOMANES ET MUSICIENS AMATEURS (AMMA)";"AMMA";"organisation de manifestations culturelles autour de la pratique musicale amateur ; notamment des stages PontiCelli, sous la direction artistique du Quatuor PontiCelli ainsi que la promotion et l'aide à la diffusion de ce même Quatuor PontiCelli ; l'association ne poursuit aucun but lucratif, politique ou religieux ; des activités lucratives au service du but non lucratif, liées à l'organisation de divers évènements musicaux, peuvent être portées par l'association dans le respect de l'esprit de celle-ci";"006030";"006100";"";"21";"";"RUE";"des platanes";"_";"21356";"21170";"Losne";"";"";"";"22 AVENUE CARNOT";"";"25000";"BESANCON";"FRANCE";"PM";"";"1";"";"A";"2023-06-27 18:01:00"
"W675000001";"VOL39FOL48";"53422435700028";"";"812S";"2011-06-10";"2024-02-01";"2011-06-26";"0001-01-01";"D";"S";"LES AMIS DE COLOMBLANCHE";"LES AMIS DE COLOMBLANCHE";"créer et faire vivre un centre de méditation, d'étude et d'accompagnement ; les objectifs de l'association sont de : favoriser le retour ou le maintien de l'équilibre de l'être dans son aspect global ; accueillir et accompagner de façon individuelle ou en groupe pendant des durées variables, régulièrement ou ponctuellement, des personnes désireuses d'approfondir un cheminement vers le mieux-être et le mieux vivre ; organiser des rencontres et échanges entre représentants de différentes philosophies et sagesses d'orient et d'occident, à l'exclusion de tout sectarisme ; favoriser la maturation humaine du corps et de l'esprit selon différentes traditions de la voie de la libération ; développer l'éthique, la conscience et les qualités humaines de solidarité, d'entraide, d'amour et de compassion ; contribuer à la sauvegarde, la rénovation et la mise en valeur du patrimoine";"017135";"000000";"";"2";"";"RTE";"de Saint-Jean";"_";"81312";"81110";"Verdalle";"";"";"";"2  ROUTE DE SAINT-JEAN";"";"81110";"VERDALLE";"FRANCE";"PM";"www.colomblanche.org";"1";"";"A";"2024-02-08 18:08:57"
"W675000002";"W37 V51";"";"";"901P";"1947-01-01";"2017-07-13";"0001-01-01";"0001-01-01";"D";"S";"GROUPEMENT PHILATÉLIQUE RÉGIONAL D'ALSACE ET DU TERRITOIRE DE BELFORT";"GPRAB";"assurer dans le cadre de la Fédération Française des Associations Philatéliques :
la désignation des administrateurs fédéraux-titulaires et suppléants,
la promotion de l'activité philatélique : organisation de conférences, etc..,
la coordination des manifestations,
le patronage des expositions locales et départementales,
la domiciliation des expositions régionales
en harmonie avec la Fédération, les relations, au niveau régional ou départemental, avec toutes les structures intéressées par la ph";"007025";"000000";"";"30";"";"";"Lotissement sur le Creux";"_";"90012";"90160";"Bessoncourt";"";"";"";"30   LOTISSEMENT SUR LE CREUX";"";"90160";"BESSONCOURT";"FRANCE";"PM";"";"1";"inscrite au Tribunal d'Instance de Sélestat (Volume 37 Folio 51)
Transfert de siège Sundhouse 67 à Bessoncourt 90";"A";"2017-08-05 12:45:40"
"W677000001";"VOL. XIII-";"";"";"563P";"1969-09-08";"2014-05-16";"1969-09-19";"0001-01-01";"D";"S";"ASSOCIATION FRANÇAISE DU CHEVAL FJORD";"ASSOCIATION FRANCAISE DU CHEVAL FJORD";"Etudier, faire connaître et encourager l'élevage des chevaux de race Fjord ; contribuer à la sélection des chevaux de cette race ; grouper les éleveurs, utilisateurs et amateurs de ces chevaux ; organiser des manifestations et faire la propagande en faveur du cheval Fjord et en général, de s'intéresser à toutes les questions se rapportant à cette race d'animaux.";"007050";"000000";"";"";" ";"";"Sentier du Riellec";"_Le Riellec";"56240";"56370";"Sarzeau";"";"";"";"198 ROUTE DE SAVERNE";"";"67205";"OBERHAUSBERGEN";"FRANCE";"PM";"www.fjord.asso.fr";"1";"";"A";"2014-11-14 20:00:04"
"W678000001";"99";"49496896900035";"";"751P";"1985-10-08";"2023-12-07";"0001-01-01";"0001-01-01";"D";"S";"SOCIETE FRANCAISE DE RECHERCHE ET MEDECINE DU SOMMEIL (SFRMS)";"SOCIETE FRANCAISE DE RECHERCHE SUR LE";"diffuser les informations scientifiques et faciliter les échanges entre les chercheurs et les soignants dans le domaine de la physiologie et des pathologies du sommeil, susciter, encourager et soutenir notamment financièrement la recherche dans ces domaines, définir, communiquer et favoriser les règles de bonnes pratiques cliniques de la médecine du sommeil, se positionner comme interlocuteur privilégié auprès des pouvoirs publics sur la recherche et la médecine du sommeil ;  accompagner, évaluer et d'accréditer les centres du sommeil selon les critères français et/ou européens de soins et de recherche dans la médecine du sommeil, relayer les actions de formation initiale et continue dans le domaine de la médecine du sommeil ; réaliser toute opération ayant un lien direct ou indirect avec son objet";"017000";"017000";"";"18";" ";"RUE";"ARMAND MOISANT";"_";"75115";"75015";"Paris 15e";"";"";"";"7 RUE CORNEILLE";"";"75006";"PARIS";"FRANCE";"PM";"";"1";"";"A";"2024-06-07 18:06:31"
"W678000002";"82-13";"";"";"792P";"2004-01-22";"2017-04-26";"1901-07-01";"0001-01-01";"D";"S";"TONYMAN, LA ROUTE TUE";"TONYMAN, LA ROUTE TUE";"aider les victimes des accidents de la circulation routière et leurs familles. Informer les victimes et leur familles de leurs droits. Aider les victimes et leurs familles dans les démarches administratives à effectuer à la suite d'un accident de la circulation mortel et/ou corporel. Apporter un soutien moral aux victimes des accidents de la circulation et à leurs familles. Etudier et mettre en oeuvre des actions qui n'auront pour seul but que de faire progresser la sécurité routière....";"014035";"014035";"";"9";"";"RUE";"du Pré Nouveau";"_";"79066";"79220";"Champdeniers-Saint-Denis";"";"";"";"9  RUE DU PRé NOUVEAU";"";"79220";"CHAMPDENIERS-SAINT-DENIS";"FRANCE";"PM";"www.laroutetue.com";"1";"";"A";"2017-04-29 12:45:52"
"W678000003";"V83F277";"53389223800015";"";"751P";"2005-10-13";"2016-01-11";"2005-10-18";"0001-01-01";"D";"S";"ASSOCIATION NATIONALE DES CONSEILLERS POUR LES ARTS PLASTIQUES DU MINISTERE DE LA CULTURE ET DE LA COMMUNICATION - ANCAP";"ANCAP";"Role d'interlocuteur auprès des milieux professionnels français et étrangers et particulièrement européens. Favorise les échanges entre les conseillers pour les arts plastiques soutenir toutes les actions renforçant leur capacité d'expertise, de conseil et d'évaluation permanente et de représenterr l'intéret professionnel des membres adhérents eu égard à leurs fonctions et à leur affectation au sein des DRAC";"006100";"006100";"DRAC - Ile de France";"47";"";"RUE";"Le Peletier";"_";"75109";"75009";"Paris";"";"";"";"47  RUE Le Peletier";"";"75009";"PARIS 09";"FRANCE";"PF";"";"1";"";"A";"2016-07-12 20:00:03"
"W678000004";"212/1996";"";"";"691P";"1996-10-04";"2015-10-13";"0001-01-01";"2015-09-16";"D";"S";"BANLIEUES D'EUROPE";"BANLIEUES D'EUROPE";"fédérer les actions artistiques dans le champ social en Europe dans le cadre de la lutte contre l'exclusion, par la tenue d'assemblées et de réunions périodiques, la publication de bulletins et d'études, la tenue de rencontres, colloques et séminaires, la circulation de projets artistiques et tous autres moyens d'atteindre les objets fixés";"006000";"000000";"";"271";" ";"RUE";"Vendôme";"_";"69383";"69003";"Lyon";"";"";"";"271  Rue Vendôme";"";"69003";"LYON 03";"FRANCE";"PF";"";"1";"";"D";"2015-10-19 11:53:13"
"W678000005";"33/100";"";"";"691P";"2007-10-12";"2025-09-22";"0001-01-01";"0001-01-01";"D";"S";"CENTRAFRIQUE ACTIONS";"CENTRAFRIQUE ACTIONS";"aide au développement de la République Centrafricaine, à travers l'étude, la réalisation et le suivi de projets collectifs. Les projets émanent de la Centrafrique. Il sera privilégié les secteurs sociaux-culturels et économiques, de l'enseignement, de l'éducation, de la formation, de la santé; organisation de rencontres conviviales et thématiques auprès de ses membres et de l'extérieur dont le dénominateur est la Centrafrique; diffusion d'information sur la République Centrafricaine, par un";"020000";"000000";"";"1";"";"RUE";"Rochambeau";"_";"69388";"69008";"Lyon";"";"";"";"1  RUE ROCHAMBEAU";"";"69008";"LYON";"FRANCE";"PM";"";"1";"";"A";"2025-11-19 13:13:02"
"W678000006";"0932001254";"";"";"691P";"1997-09-09";"2025-06-27";"0001-01-01";"0001-01-01";"D";"S";"GENERATION 22";"G22";"soutenir les familles, aide et soutien les enfants et adultes concernés par la microdélétion 22Q11 et plus précisément: l'accompagnement des familles à partir du diagnostique, l'aide à la prise en charge médicale et administrative, l'assistance à l'intégration scolaire sociale et professionnelle; la formation et l'aide à la recherche, elle se caractérise par: la mise en oeuvre d'études au niveau national et international, participation aux recherches appliquées et fondamentales sur les différentes manifestations de la microdélétion 22Q11, participation à la formation des étudiants et professionnels de la santé, contribuer à l'effort de recherche médicale et à l'amélioration des pratiques de soins; la communication, l'association agit à deux niveaux: la collecte et la diffusion de l'information sur la microdélétion 22Q11 par tous types de supports ( congrès international et national, réunions régionales, site internet, bulletins liaison, info-flash,...) auprès des familles et professionnels, la représentation des membres auprès des pouvoirs publics, des associations ayant des objectifs communs; dans tous les cas l'association ne poursuit aucun but lucratif, politique ou religieux ou toute autre forme de discrimination et oeuvre dans le respect des règles fondamentales d'éthique";"017000";"000000";"Fond Impasse";"53";"";"AV";"Paul Delorme";"_";"69292";"69580";"Sathonay-Camp";"";"";"";"53 AVENUE PAUL DELORME";"";"69580";"SATHONAY CAMP";"FRANCE";"PF";"http://www.generation22.fr/";"1";"TRANSFERT DU TI DE STRASBOURG REPRISE MANUELLE";"A";"2025-12-27 19:00:01"
"W678000007";"78-75";"";"";"133P";"2000-03-21";"2025-07-24";"0001-01-01";"2025-07-01";"D";"S";"LES EDITIONS DU REEL";"LES EDITIONS DU REEL";"promotion et développement de la création audiovisuelle, cinématographique, et multimédia sous toutes ses formes";"006000";"000000";"cité des associations, boîte aux lettres 402";"93";"";"";"la Canebière";"_";"13201";"13001";"Marseille";"";"";"";"32 BOULEVARD SAUZAC";"";"13004";"MARSEILLE";"FRANCE";"PF";"";"1";"association créée à Strasbourg auprès du T.I. de Strasbourg";"D";"2025-08-05 07:05:28"
"W678000008";"0678003285";"";"";"343P";"2005-08-29";"2010-03-05";"2005-09-11";"0001-01-01";"D";"S";"COMPAGNIE DE CI, DE LA";"COMPAGNIE DE CI, DE LA";"promotion de l'art lyrique par la représentation et la création d'ouvrages lyriques";"006100";"000000";"";"8";"";"RUE";"Roland Dorgelès";"_";"34057";"34170";"Castelnau-le-Lez";"";"";"";"8  RUE ROLAND DORGELÈS";"";"34170";"CASTELNAU-LE-LEZ";"FRANCE";"PM";"";"1";"";"A";"2010-06-01 14:33:50"
"W678000009";"V75 FOL302";"";"";"923S";"1997-12-19";"2014-01-16";"0001-01-01";"0001-01-01";"D";"S";"CLUB DE BUDAPEST FRANCE";"CLUB DE BUDAPEST FRANCE";"créer un lieu de réflexion en favorisant la rencontre et les échanges entre chercheurs interdisciplinaires, responsables du monde éconnomique et des média ainsi que du monde de l'art, du monde spirituel et associatif tous attachés à l'évolution et à la diffusion de nouvelles prises de conscience individuelle et collective.
Collaborer avec toutes les organisations privées, publiques et associatives dont les objectifs et actions sont orientées vers une amélioration de la condition humaine en vue";"002015";"000000";"";"147 bis";"";"RUE";"de Billancourt";"_";"92012";"92100";"Boulogne-Billancourt";"";"";"";"147 BIS RUE DE BILLANCOURT";"";"92100";"BOULOGNE-BILLANCOURT";"FRANCE";"PM";"";"1";"";"A";"2020-08-28 16:23:51"
"W678000010";"V31 F22";"";"";"253S";"2002-10-07";"2010-10-28";"0001-01-01";"0001-01-01";"D";"S";"AMICALE DE LA 6° COMPAGNIE DE CONTRE-MINAGE";"AMICALE DE LA 6° COMPAGNIE DE CONTR...";"assurer une cohésion permanente entre les personnels de la 6ième compagnie de contre-minage";"038110";"000000";"13ième régiment du génie - 6ième CD/CDT/ST";"";"";"";"quartier Gallieni";"_";"25578";"25800";"Valdahon";"";"";"";"14 RESIDENCE LE CHANOIS";"";"25800";"VALDAHON";"FRANCE";"PM";"";"1";"";"A";"2011-04-29 20:00:02"
"W678000011";"1306";"";"";"313P";"1995-08-08";"2025-08-06";"0001-01-01";"0001-01-01";"D";"S";"ASSOCIATION SYNDICALE DES ACTIVITES DE CONTROLE LIEES AU TRANSPORT (A.S.A.C.)";"ASAC";"assurer pour le compte des membres de l'association la représentation et la défense des intérêts actuels et futurs des ateliers intervenant dans le cadre des activités réglementées de contrôle relevant du domaine du transport et des véhicules industriels ; assurer des formations professionnelles continues";"023007";"000000";"";"21";"";"RUE";"des Pierres";"_";"31091";"31150";"Bruguières";"";"";"";"21  RUE DES PIERRES";"";"31150";"BRUGUIÈRES";"FRANCE";"PM";"";"1";"";"A";"2026-02-05 19:00:02"
"W678000012";"";"";"";"678P";"1984-09-28";"1984-09-28";"0001-01-01";"0001-01-01";"D";"S";"CLUB FRANÇAIS DES PIGEONS DE RACES IBERIQUES";"CLUB FRANÇAIS DES PIGEONS DE RACES ...";"encourager l'élevage, la sélection, la vulgarisation des pigeons de races ibériques ; tous les moyens que l'association jugera appropriés pour être employés pour atteindre ce but : envoyer gratuitement à tous les membres de l'information contenant des renseignements zootechniques ou concernant la vie de l'association, assurer aux adhérents un service gratuit de relations intra-sociétaires, offrir chaque année, dans certaines expositions fixées par le conseil d'administration, des récompenses aux membres du club à jour de leur cotisation annuelle ; organiser des réunions d'informations des championnats ; demander aux sociétés organisatrices d'expositions d'apporter le plus grand soin dans la désignation des membres du jury chargés de jugés les pigeons ibériques, et éventuellement leur proposer une liste préférentielle ; veiller au respect du standard de ces races";"007050";"000000";"";"25";"";"RUE";"des Tuileries";"_HOENHEIM";"67482";"67000";"Strasbourg";"";"";"";"25  rue des Tuileries";"HOENHEIM";"67800";"HOENJHEIM";"FRANCE";"PM";"";"1";"";"S";"2011-01-11 20:00:01"
"W678000013";"674";"";"";"341S";"1984-08-01";"2024-05-24";"0001-01-01";"0001-01-01";"D";"S";"CLUB FRANÇAIS DES PIGEONS DE RACES IBERIQUES";"CLUB FRANÇAIS DES PIGEONS DE RACES ...";"encourager l'élevage, la sélection et la vulgarisation des pigeons de race ibérique ; tous les moyens que l'association jugera appropriés pourront être employés pour atteindre ce but : envoyer gratuitement à tous les membres de l'information contenant des renseignements zootechniques ou concernant la vie de l'association ; assurer aux adhérents un service gratuit de relation inter-sociétaires ; offrir chaque année, dans certaines expositions fixées par le conseil d'administration, des récompense";"007050";"000000";"";"9054";"";"RTE";"de Maraussan";"_";"34032";"34500";"Béziers";"";"";"";"9054 ROUTE DE MARAUSSAN";"";"34500";"BEZIERS";"FRANCE";"PM";"";"1";"TRIBUNAL D'INSTANCE DE SCHILTIGHEIM";"A";"2024-05-27 09:15:11"
"W678000014";"V58F27";"";"";"881P";"1989-05-08";"2022-05-08";"0001-01-01";"0001-01-01";"D";"S";"ASSOCIATION DES PLANETARIUMS DE LANGUE FRANÇAISE";"ASSOCIATION DES PLANETARIUMS DE LAN...";"promouvoir l'implantation de planetariums proposants des animations en Français, soutenir leur développement, diffuser auprès du public des connaissances astronomiques correctes et accessibles à tous, contribuer à l'enseignement de l'astronomie à tous les niveaux et plus généralement participer au développement de la culture scientifique francophone";"016030";"000000";"A.P.L.F Centre Belle Etoile";"";"";"RUE";"Dom Pothier";"_";"88160";"88000";"Épinal";"";"A.P.L.F CENTRE BELLE ETOILE";"";"RUE DOM POTHIER";"";"88000";"ÉPINAL";"FRANCE";"PM";"";"1";"";"A";"2022-11-06 20:00:03"
"W678000015";"VOL 40";"";"";"062P";"2009-11-04";"2022-04-14";"0001-01-01";"0001-01-01";"D";"S";"PESVEBI (RACINES)";"PESVEBI (RACINES)";"créer un centre multiculturel pour jeunes";"007080";"000000";"";"12";"";"RUE";"de Villeneuve";"_";"06088";"06000";"Nice";"";"";"";"1 RUE LENVAL";"";"06200";"NICE";"FRANCE";"PM";"";"1";"";"A";"2022-04-14 14:14:11"
"W678000016";"79/130";"";"";"922P";"2001-05-11";"2012-03-17";"1901-07-01";"0001-01-01";"D";"S";"INSTITUT D'ETUDES COLLEL OR YEHOUDA";"INSTITUT D'ETUDES COLLEL OR YEHOUDA";"promouvoir l'étude des textes bibliques et talmudiques ainsi que des commentaires et des codifications s'y rattachant, de collecter des fonds pour le financement de bourses d'études et d'aides sociales pour étudiants célibataires et mariés, chefs de famille étudiants au sein de l'Institut, des frais de fonctionnement de l'Institut, d'aides financières à des instituts poursuivant le même but que l'institut d'études Collel or Yéhouda";"040000";"000000";"";"1";"";"RUE";"du Général Delanne";"_";"92051";"92200";"Neuilly-sur-Seine";"";"";"";"1 RUE DU GéNéRAL DELANNE";"";"67000";"NEUILLY SUR SEINE";"FRANCE";"PM";"";"1";"";"A";"2012-09-16 20:00:03"
"W678000017";"89/82";"";"";"691P";"2002-09-26";"2019-02-25";"0001-01-01";"0001-01-01";"D";"S";"ART DU JE";"ART DU JE";"gestion d'un organisme de formation ; mise en place des actions de formation et autres interventions";"015000";"000000";"";"13";"";"CHEM1";"de Sanzy";"_";"69204";"69230";"Saint-Genis-Laval";"";"";"";"13  CHEMIN DE SANZY";"";"69230";"SAINT-GENIS-LAVAL";"FRANCE";"PF";"";"1";"";"A";"2019-03-28 14:37:37"
"W678000018";"42/65";"";"";"691P";"2012-04-11";"2017-09-17";"0001-01-01";"0001-01-01";"D";"S";"LES EDITIONS CROQUE-MADAME";"LES EDITIONS CROQUE-MADAME";"publier des livres (fanzines, revues, portfolios etc) et promouvoir le travail de jeunes créateurs (illustrateurs, photographes et autres artistes visuels etc)";"005005";"000000";"";"73";"";"AV";"Berthelot";"";"69387";"69007";"Lyon";"";"";"";"43  RUE VOLTAIRE";"";"69003";"LYON";"FRANCE";"PM";"";"1";"";"A";"2018-03-18 20:00:03"
"W678000019";"V85 F132";"";"";"923S";"2007-05-14";"2014-05-05";"1901-07-01";"0001-01-01";"D";"S";"ROMANIAN INVESTMENT CIRCLE OU
CERCLE ROUMAIN D'INVESTISSEMENT
""RIC""";"RIC";"d'assurer un cadre de rapprochement et une plateforme d'échanges entre les acteurs économiques de Roumanie et de France plus largement à tous ceux qui souhaitent contribuer aux projets d'avenir pour le Roumanie";"006000";"000000";"";"60 bis";"";"RTE";"de la Reine";"_";"92012";"92100";"Boulogne-Billancourt";"";"";"";"60 BIS ROUTE DE LA REINE";"";"92100";"BOULOGNE BILLANCOURT";"FRANCE";"PM";"";"1";"";"A";"2014-11-03 20:00:04"
"W678000020";"1087294";"";"";"294P";"2012-07-25";"2013-06-21";"2012-10-30";"0001-01-01";"D";"S";"ASSOCIATION DES COPROPRIÉTAIRES DU PIC DE L'OURS À FONT-ROMEU (ACPP2O)";"ACPP2O";"défendre les intérêts matériels financiers et moraux des copropriétaires adhérents";"032520";"000000";"";"5";"";"CHEM1";"de Kerangales";"_";"29006";"29950";"Bénodet";"";"";"";"5  CHEMIN DE KERANGALES";"";"29950";"BéNODET";"FRANCE";"PM";"";"1";"";"A";"2013-06-21 14:53:17"
"W678000021";"VOL39-FOL3";"";"";"442P";"2008-06-27";"2020-06-26";"0001-01-01";"2020-06-20";"D";"S";"LES SONS FILANTS";"LES SONS FILANTS";"offrir un service musical de haut niveau répondant aux besoins du particulier et de l'entreprise, notamment dans le choix de différentes formations musicales, dans l'organisation du temps de musique, du lieu des concerts, ainsi que des oeuvres jouées";"006030";"000000";"";"6";"";"PL";"des Muses";"_";"44190";"44230";"Saint-Sébastien-sur-Loire";"";"";"";"5 ALLEE DE LA GERARDIERE";"";"44230";"SAINT SEBASTIEN SUR LOIRE";"FRANCE";"PF";"";"1";"";"D";"2020-07-11 12:45:38"
"W678000022";"RRI 106/04";"";"";"751P";"2004-04-15";"2013-06-14";"0001-01-01";"0001-01-01";"D";"S";"SINI NIASSIGUI- NIAMBIA";"SINI NIASSIGUI- NIAMBIA";"développer la solidarité au sein de la communauté des maliens de Paris et organiser leur accueil, aider à construire les écoles Françaises au mali, défendre les intérêts matériels et moraux de ses membres, tisser entre eux des liens de solidarité et de fraternité, promouvoir et faire connaître le mali et sa culture, intervenir auprès de tout organisme compétent pour la défense de ces mêmes intérêts; promouvoir une coopération bilatérale entre des associatiobs ou institutions maliennes";"014000";"000000";"";"2";"";"RUE";"Buzelin";"_";"75118";"75018";"Paris";"";"";"";"2  RUE BUZELIN";"";"75018";"PARIS";"FRANCE";"PM";"";"1";"";"A";"2013-09-14 12:46:21"
"W678000023";"80311";"";"";"923S";"1999-11-09";"2021-03-02";"1999-12-11";"0001-01-01";"D";"S";"FENETRE SUR L'EUROPE";"FENETRE SUR L'EUROPE";"favoriser la connaissance de l'Union Européenne et des sujets européens en général par toute action appropriée développée seule ou en partenariat avec des opérateurs privés ou publics ; l'association entend par son action promouvoir la réflexion, l'information, la formation et la communication sur les thématiques européennes";"003060";"000000";"";"6";"";"RUE";"Jules Edouard Voisembert";"";"92040";"92130";"Issy-les-Moulineaux";"";"";"";"24  RUE LEON FROT";"";"75011";"PARIS";"FRANCE";"TM";"";"1";"";"A";"2021-09-01 20:00:03"
"W678000024";"59115";"";"";"751P";"1990-04-27";"2019-01-02";"1901-07-01";"0001-01-01";"D";"S";"SOCIETE D'IMAGERIE ABDOMINALE ET DIGESTIVE (LA SIAD)";"SIAD";"promouvoir l'imagerie abdominale et digestive, diagnostique et thérapeutique, en organisant des réunions scientifiques, d'enseignement et des stages de formation, en aidant à la formation des jeunes médecins spécialistes, en aidant les travaux de recherche, et en favorisant les échanges interdisciplinaires ; la SIAD est une société d'organe affiliée à la Société Française de Radiologie";"017000";"000000";"";"47";"";"RUE";"de la Colonie";"_";"75113";"75013";"PARIS";"";"";"";"47 RUE DE LA COLONIE";"";"75013";"PARIS";"FRANCE";"PM";"";"1";"";"A";"2019-02-09 12:45:43"
"W678000025";"89-6";"53074870600054";"";"261S";"2011-01-10";"2023-05-29";"0001-01-01";"0001-01-01";"D";"S";"COLLECTIF ETC";"COLLECTIF ETC";"rassembler des énergies autour d'une dynamique commune de questionnement et de pratique de l'espace urbain ; par le biais de différents médiums et de différentes compétences, le collectif se veut être un support à lexpérimentation en mettant en place un réseau souple d'interactions artistiques et sociales, de rencontres et de débats";"009000";"000000";"";"70";"";"RUE";"du Sert";"";"26307";"26190";"Saint-Jean-en-Royans";"";"";"";"68, AVENUE DES CHARTREUX";"";"13004";"MARSEILLE 04";"FRANCE";"PH";"http://www.collectifetc.com";"1";"";"A";"2023-11-28 19:03:08"
"W678000026";"V89-F294";"";"";"341S";"2011-12-19";"2025-07-21";"1901-07-01";"0001-01-01";"D";"S";"SEMAINE D'ETUDE DE CHIMIE ORGANIQUE (SECO)";"SECO";"faciliter et promouvoir les échanges humains et professionnels entre jeunes chercheurs";"017200";"000000";"Appartement 7 Residence Agora";"1";"";"RUE";"du Docteur Albert Schweitzer";"";"34003";"34300";"Agde";"";"";"";"25 RUE ARTHUR PETIT";"";"78220";"VIROFLAY";"FRANCE";"PF";"";"1";"";"A";"2026-01-20 19:00:02"
"W678000027";"444";"";"";"893S";"1996-10-04";"2020-11-16";"0001-01-01";"0001-01-01";"D";"S";"GUILDE SABLE VERT";"GUILDE SABLE VERT";"La vocation de la Guilde du Sable Vert est résolument culturelle, à développer une culture de ""bâtisseurs"" dans le domaine de la rénovation du patrimoine bâti et plus particulièrement la rénovation des façades à la chaux dans le respect des règles de l'Art et la volonté de valoriser les hommes et les savoir-faire. Sa vocation est environnementale. Son ambition est en effet de conforter les connaissances scientifiques et techniques concernant les mortiers et bétons biosourcés et de toutes les technologies additionnelles ou complémentaires, de partager ces connaissances, de renforcer les savoir-faire des professionnels et par conséquent de participer aux développements de l'utilisation de ces matériaux et de leurs impacts positifs sur l'environnement. Dans tous ces cas, l'association ne poursuit aucun but lucratif, politique ou religieux";"023007";"000000";"";"4";"";"ALL";"du Pont Roman";"_";"39198";"39100";"Dole";"";"";"";"4  ALLéE DU PONT ROMAN";"";"39100";"DOLE";"FRANCE";"PM";"";"1";"dossier repris manuellement le 02/02/15.
L'association vient de STRASBOURG";"A";"2025-01-30 13:37:15"
"W678000028";"83F15";"";"";"802P";"2014-12-01";"2024-05-14";"0001-01-01";"0001-01-01";"D";"S";"LES AMIS DE L'ESPACE MASOLO-KINSHASA";"LES AMIS DE L'ESPACE MASOLO-KINSHASA";"aider à la consolidation de la structure de l'espace Masolo (Centre de Ressources et de Solidarité Artistiques et Artisanales), et de soutenir ses projets et ses activités ; les domaines privilégiés d'action sont : l'éducation scolaire, la formation professionnelle, la formation artistique et la création artistique";"009000";"000000";"Maison des associations d'Amiens Métropole";"12";"";"RUE";"Frédéric Petit";"_";"80021";"80000";"Amiens";"";"MAISON DES ASSOCIATIONS D'AMIENS MéTR";"";"12  RUE FRéDéRIC PETIT";"";"80000";"AMIENS";"FRANCE";"PF";"";"1";"";"A";"2024-05-21 10:08:48"
"W678000029";"V86 FOL 78";"";"";"663S";"2008-03-17";"2015-06-03";"0001-01-01";"0001-01-01";"D";"S";"LES BAFOUILLEURS";"LES BAFOUILLEURS";"troupe de théâtre en français, pratique du théâtre sous toutes ses formes";"006070";"000000";"";"19";"";"TRAV";"de Vinça";"_";"66089";"66320";"Joch";"";"";"";"19  TRAVERSE DE VINçA";"";"66320";"JOCH";"FRANCE";"PM";"";"1";"";"A";"2015-07-31 09:55:50"
"W678000030";"65";"";"";"511P";"2014-03-11";"2017-11-30";"0001-01-01";"0001-01-01";"D";"S";"LA COMPAGNIE DES FOUS ALLIES";"LA COMPAGNIE DES FOUS ALLIES";"mettre en place des projets culturels";"006000";"000000";"";"2";"";"RUE";"de Châlons";"_";"51161";"51150";"Condé-sur-Marne";"";"";"";"2  RUE DE CHâLONS";"";"51150";"CONDé-SUR-MARNE";"FRANCE";"PF";"";"1";"association venant de Strasbourg (Bas-Rhin)";"A";"2017-12-07 10:10:31"
"W678000031";"67.000.115";"";"67.000.0115";"678P";"2015-12-08";"2015-12-08";"0001-01-01";"0001-01-01";"R";"S";"SOCIÉTÉ POUR LA CONSERVATION DES MONUMENTS HISTORIQUES D'ALSACE";"SOCIÉTÉ POUR LA CONSERVATION DES MO...";"Conserver les monuments historiques d'Alsace";"010020";"000000";"";"2";"";"PL";"du Château";"_";"67482";"67000";"Strasbourg";"";"";"";"2  place du Château";"";"67000";"Strasbourg";"FRANCE";"PM";"";"1";"";"A";"2015-12-08 15:34:39"
"W678000032";"67.000.134";"";"67.000.0134";"678P";"2015-12-08";"2015-12-08";"0001-01-01";"0001-01-01";"R";"S";"HOME PROTESTANT POUR DAMES ET JEUNES FILLES";"HOME PROTESTANT POUR DAMES ET JEUNE...";"Aider les jeunes filles, abritées sous son toit, à se placer dans les meilleures conditions.";"019000";"000000";"";"7";"";"RUE";"de l'Ail";"_";"67482";"67000";"Strasbourg";"";"";"";"7  rue de l'Ail";"";"67000";"Strasbourg";"FRANCE";"PM";"";"1";"";"A";"2015-12-08 15:57:51"
"W678000033";"67.000.334";"";"67.000.0334";"678P";"2015-12-08";"2015-12-08";"0001-01-01";"0001-01-01";"R";"S";"INSTITUTION PROTESTANTE DES SOURDS-MUETS POUR L'ALSACE-LORRAINE";"INSTITUTION PROTESTANTE DES SOURDS-...";"Prendre soin du développement physique et intellectuel, de l'éducation et l'instructiin d'enfants sourds-muets, de religion protestante, dont les parents ou les tuteurs ont leur domicile en Alsace et en Lorraine";"018000";"000000";"";"7";"";"RUE";"de Soultz";"_";"67482";"67000";"Strasbourg";"";"";"";"7  rue de Soultz";"";"67000";"Strasbourg";"FRANCE";"PM";"";"1";"";"A";"2015-12-08 16:15:58"
"W678000034";"67.000.337";"";"67.000.0337";"678P";"2015-12-09";"2015-12-09";"0001-01-01";"0001-01-01";"R";"S";"CHORALE STRASBOURGEOISE";"CHORALE STRASBOURGEOISE";"Cultiver le chant populaire et artistique";"006000";"000000";"";"5";"";"RUE";"Sellénick";"_";"67482";"67000";"Strasbourg";"";"";"";"5  rue Sellénick";"";"67000";"Strasbourg";"FRANCE";"PM";"";"1";"";"A";"2015-12-09 09:47:47"
"W678000035";"67.000.338";"";"67.000.0338";"678P";"2015-12-09";"2015-12-09";"0001-01-01";"0001-01-01";"R";"S";"CLUB NAUTIQUE DE STRASBOURG";"CLUB NAUTIQUE DE STRASBOURG";"Education physique et préparation militaire par la pratique de l'aviron et l'entretien des relations amicales entre ses membres";"011000";"000000";"";"22";"";"RUE";"du Général Uhrich";"_";"67482";"67000";"Strasbourg";"";"";"";"22  rue du Général Uhrich";"";"67000";"Strasbourg";"FRANCE";"PM";"";"1";"";"A";"2015-12-09 10:06:43"
"W678000036";"67.000.378";"";"67.000.0378";"678P";"2015-12-09";"2015-12-09";"0001-01-01";"0001-01-01";"R";"S";"DIACONAT BETHESDA";"DIACONAT BETHESDA";"Forler des diaconesses, les employer ensuite au service des malades dans des maisons de santé appartenant à l'oeuvre, dans d'autres établissements privés ou publics, ou à domicile en cas de guerre";"019000";"000000";"";"14";"";"BD";"Gambetta";"_";"67482";"67000";"Strasbourg";"";"";"";"14  boulevard Gambetta";"";"67000";"Strasbourg";"FRANCE";"PM";"www.diaconat-bethesda.fr";"1";"";"A";"2015-12-09 10:23:34"
"W678000037";"67.000.691";"";"67.000.0691";"678P";"2015-12-09";"2015-12-09";"0001-01-01";"0001-01-01";"R";"S";"ASILE DE NEUENBERG";"ASILE DE NEUENBERG";"Hospitaliser temporairement ou à vie des personnes malades, infirmes ou sans familles et prendre soin de leur corps et leur âme.";"018000";"000000";"";"38";"";"RUE";"du Pasteur Herrmann";"_";"67218";"67400";"INGWILLER";"";"";"";"38  rue du Pasteur Herrmann";"";"67340";"INGWILLER";"FRANCE";"PM";"www.neuenberg.fr/";"1";"";"A";"2015-12-09 11:00:37"
"W678000038";"67.000.813";"";"67.000.0813";"678P";"2015-12-09";"2015-12-09";"0001-01-01";"0001-01-01";"R";"S";"UNION CHRÉTIENNE DES JEUNES GENS";"UNION CHRÉTIENNE DES JEUNES GENS";"Education spirituelle, morale, intellectuelle et physique des jeunes gens";"019000";"000000";"";"8";"";"";"Fossé des Treize";"_";"67482";"67000";"Strasbourg";"";"";"";"8   Fossé des Treize";"";"67000";"Strasbourg";"FRANCE";"PM";"";"1";"";"A";"2015-12-09 11:21:27"
"W678000039";"67.001.134";"";"67.000.1134";"678P";"2015-12-09";"2015-12-09";"0001-01-01";"0001-01-01";"R";"S";"ENTRAIDE PROTESTANTE DE STRASBOURG";"ENTRAIDE PROTESTANTE DE STRASBOURG";"Venir en aide aux protestants en difficulté de la région de Strasbourg. Cette aide est essentiellement destinée à ceux qui cachent leur infortune.";"019000";"000000";"";"14";"";"BD";"Gambetta";"_";"67482";"67000";"Strasbourg";"";"";"";"14  boulevard Gambetta";"";"67000";"Strasbourg";"FRANCE";"PM";"";"1";"";"A";"2015-12-09 11:38:59"
"W678000040";"67.001.576";"";"67.000.1576";"678P";"2015-12-09";"2015-12-09";"0001-01-01";"0001-01-01";"R";"S";"ASSOCIATION DES A.E DU FOYER DE LA JEUNESSE CHARLES FREY ET HOSPICE DES ORPHELINS DE STRASBOURG";"ASSOCIATION DES A.E DU FOYER DE LA ...";"Favoriser les relations entre les anciens élèves de l'établissement par tous les moyens pouvant y contribuer.";"019000";"000000";"";"1";"";"PL";"Henri Will";"BP_40";"67482";"67000";"Strasbourg";"";"";"";"1  place Henri Will";"BP 40";"67100";"Strasbourg";"FRANCE";"PM";"";"1";"";"A";"2015-12-09 11:55:33"
"W678000041";"67.001.639";"";"67.000.1639";"678P";"2015-12-09";"2015-12-09";"0001-01-01";"0001-01-01";"R";"S";"OEUVRE DU REFUGE ISRAELITE (LES CIGOGNES)";"OEUVRE DU REFUGE ISRAELITE (LES CIG...";"Héberger et entretenir les israëlites nécessiteux indigents ou incurables ainsi que les enfants deshérités ou orphelins";"019000";"000000";"";"9";"";"RUE";"Neuve";"_";"67180";"67500";"Haguenau";"";"";"";"9  rue Neuve";"";"67500";"Haguenau";"FRANCE";"PM";"";"1";"";"A";"2015-12-09 14:21:21"
"W678000042";"67.001.969";"";"67.000.1969";"678P";"2015-12-09";"2015-12-09";"0001-01-01";"0001-01-01";"R";"S";"LE CLUB VOSGIEN";"LE CLUB VOSGIEN";"Etudier et assurer essentiellement l'aménagement, la signalisation et l'entretien d'itinéraires pédestres, prendre toutes mesures y afférentes.";"034000";"000000";"";"7";"";"RUE";"du travail";"_";"67482";"67000";"Strasbourg";"";"";"";"7  rue du travail";"";"67000";"Strasbourg";"FRANCE";"PM";"http://www.club-vosgien.eu/";"1";"";"A";"2015-12-09 14:26:04"
"W678000043";"67.001.972";"";"67.000.1972";"678P";"2015-12-09";"2015-12-09";"0001-01-01";"0001-01-01";"R";"S";"LA STRASBOURGEOISE";"LA STRASBOURGEOISE";"Poursuivre l'éducation et le développement physique de ses membres par la pratique de la gymnastique et de tout autre sport que ce soit ou non en compétition sur le plan local.";"011000";"000000";"";"40";"";"RUE";"Jacques Kablé";"_";"67482";"67000";"Strasbourg";"";"";"";"40  rue Jacques Kablé";"";"67000";"Strasbourg";"FRANCE";"PM";"";"1";"";"A";"2015-12-09 14:40:48"
"W678000044";"VOL44FOL36";"";"";"811P";"2014-01-15";"2022-11-28";"2014-01-24";"0001-01-01";"D";"S";"DROLES DE ZOISEAUX CIE";"DROLES DE ZOISEAUX CIE";"créer, produire et diffuser des spectacles vivants (théâtre, marionnette, clown etc ... ) fabriquer et vendre des gradins en bois et décors ou éléments de décors (paravents ... ) animer des ateliers et des stages de pratique artistique";"006070";"000000";"";"2 Bis";"";"BD";"Carnot";"";"81222";"81120";"Réalmont";"";"";"";"3 RUE DROITE";"LAFENASSE";"81120";"TERRE DE BANCALIE";"FRANCE";"PF";"";"1";"";"A";"2023-05-31 18:00:02"
"W678000045";"085140";"";"";"751P";"2007-05-03";"2025-05-12";"0001-01-01";"0001-01-01";"D";"S";"PRISMEFIX";"PRISMEFIX";"prise en considération et promotion des intérêts professionnels communs des membres ainsi que leur représentation, dans le secteur d'activité de la distribution de boulonnerie-visserie et d'éléments de fixation ; élaboration, définition et promotion à l'égard des instances compétentes, tant françaises qu'internationales, de toute proposition d'harmonisation de la légalisation relative aux produits et services de ses membres";"023000";"000000";"";"49";"";"RUE";"de Ponthieu";"chez Ocp Business Center 4";"75108";"75008";"Paris 8e";"";"INTERMETAL";"";"23  RUE ANDRÉ FRUCHARD";"";"54320";"MAXÉVILLE";"FRANCE";"MS";"";"1";"";"A";"2025-05-15 11:08:16"
"W678000046";"1201201709";"";"";"751P";"2012-12-27";"2025-04-04";"0001-01-01";"0001-01-01";"D";"S";"RESPECT ZONE";"RZ";"regrouper des personnes physiques ou morales en vue d'observer, de remédier, d'agir contre les phénomènes de la diffusion de la haine sous toutes ses formes, en particulier lorsque cette diffusion est destinée à susciter des comportements de stigmatisation, d'exclusion et de violence vis-à-vis d'un groupe déterminé de personnes ; l'association a dans ce sens notamment pour objet (sans que cette liste ait un quelconque caractère limitatif) la prévention et le combat contre le harcèlement et notamment le harcèlement en ligne ; la prévention et le combat contre les cyber-violences ; la prévention et le combat contre le racisme ; la prévention et le combat contre la discrimination sous toutes ses formes et quel qu'en soit le fondement en particulier, la discrimination fondée sur l'origine nationale, ethnique, raciale ou religieuse (dont l'antisémitisme) , le handicap, le sexe, les mœurs, l'orientation sexuelle, l'identité de genre, le physique, la santé ou l'âge ; la protection et le combat contre les violences sexuelles, contre le harcèlement sexuel et l'exposition des mineurs à des contenus pornographiques ou violents ; la prévention et le combat contre le bizutage des étudiants et élèves d'établissements d'enseignement ; la protection de l'enfance ; la lutte contre l'exploitation de l'image des mineurs et de groupes de populations vulnérables par des tiers ; l'assistance aux victimes concernées par l'objet de l'association dont la cyberviolence, le harcèlement, la discrimination ou de violences fondées notamment sur leur origine nationale, ethnique, raciale ou religieuse, sur leur orientation sexuelle, sur leurs mœurs ; la défense ou l'assistance de l'enfance en danger ou victime de toutes formes de maltraitance ou discrimination ; le combat contre tout phénomène radicalement haineux, stigmatisant, excluant ou violent visant un groupe déterminé (en raison notamment de l'ethnicité, de l'orientation sexuelle, de l'âge, de l'origine sociale ou des caractéristiques physiques ou mentales des individus qui le composent) ; l'accompagnement des victimes de propos et de comportements haineux ; le développement des règles et techniques permettant de développer des espaces numériques de confiance, dont le metaverse ; la protection des utilisateurs et notamment les mineurs et personnes vulnérables contre les contenus haineux ou dommageables dans les espaces numériques immersifs ; l'éducation aux médias et à l'information ainsi qu'au bon usage des outils numériques et des réseaux sociaux ainsi qu'aux dérives et aux risques liés à ces outils ; la prévention et le combat contre les crimes contre l'humanité (ou leur négation) , les crimes de guerre (ou leur négation) , le terrorisme, le conspirationnisme et la radicalisation ; l'enseignement, la transmission et l'explication pédagogique du devoir de mémoire, notamment auprès des enfants et adolescents ; la défense des intérêts moraux et de l'honneur de la résistance, des déportés, des anciens combattants et victimes de guerre ; et plus généralement, la formation, la promotion de l'éducation, de la pédagogie, de la culture et de l'apprentissage concernant l'ensemble de ces sujets et toutes autres activités permettant de parvenir, directement ou indirectement, à la réalisation de son objet ; l'association poursuit un but non lucratif ;";"050000";"000000";"Philantro Lab";"15";"";"RUE";"de la Bucherie";"_";"75105";"75005";"Paris";"";"";"";"79  BOULEVARD DU GÉNÉRAL KOENIG";"";"92200";"NEUILLY-SUR-SEINE";"FRANCE";"PM";"";"1";"";"A";"2025-10-04 18:00:02"
"W678000047";"VOLUME:90";"";"";"161P";"2012-09-19";"2022-08-15";"2012-09-28";"0001-01-01";"D";"S";"BISCOTO EDITIONS";"BISCOTO EDITIONS";"sensibiliser l'enfant à la lecture, à l'histoire de l'art et à l'image, et ce par la création d'une maison d'édition qui publie un journal pour enfants''Biscoto'', ainsi que des livres ; l'association organise aussi ponctuellement des ateliers créatifs et des événements promouvout son action ; l'association poursuit un but non lucratif";"006020";"000000";"";"4";"";"RUE";"de Clerac à la Croix Lalaud";"_";"16015";"16000";"Angoulême";"";"";"";"111  RUE DE LA GRAND FONT";"";"16000";"ANGOULÊME";"FRANCE";"PF";"";"1";"";"A";"2023-02-13 20:00:04"
"W678000048";"6700000";"";"";"923S";"1980-06-23";"2024-08-20";"0001-01-01";"0001-01-01";"D";"S";"UNION NATIONALE POUR L UTILISATION DE CHIENS DE ROUGE";"UNUCR";"defense des chiens";"023000";"000000";"";"13";"";"RUE";"du General leclerc";"_";"92040";"92130";"Issy-les-Moulineaux";"";"";"";"13 LOTISSEMENT DU PLAIN";"";"54200";"JAILLON";"FRANCE";"MK";"";"1";"";"A";"2025-02-19 19:00:02"
"W678000049";"087312";"";"";"543P";"2009-10-23";"2017-04-20";"2009-10-23";"2017-02-25";"D";"S";"LIGUE D'ALSACE DE KICK-BOXING, MUAY THAÏ ET DISCIPLINES ASSOCIEES";"LIGUE D'ALSACE DE KICK-BOXING, MUA...";"pratique kick boxing";"011145";"000000";"";"9";"";"RUE";"Martinet";"_";"67482";"67200";"Strasbourg";"";"";"";"97 B rue Principale";"";"57980";"Diebling";"FRANCE";"PM";"";"1";"";"D";"2017-04-29 12:45:45"
"W678000050";"45";"";"";"881P";"2011-09-20";"2022-10-17";"0001-01-01";"0001-01-01";"D";"S";"MAISON DU BIEN ETRE";"MAISON DU BIEN ETRE";"activités en rapport avec le bine-ête, la parentalité et le développement personnel en lien ou non avec l'univers du cheval";"006000";"000000";"";"87";"";"RUE";"de la Manchamp";"_";"88225";"88220";"Hadol";"";"";"";"87  RUE DE LA MANCHAMP";"";"88220";"HADOL";"FRANCE";"PF";"";"1";"";"A";"2022-10-17 15:25:43"
"W678000151";"014675";"";"";"543P";"1984-07-04";"2017-11-13";"1901-07-01";"2017-06-16";"D";"S";"INTERBEV ALSACE";"INTERBEV ALSACE";"permettre aux professions participantes de se concerter pour l'étude, la défense, la meilleure organisation et la gestion de leurs intérêts économiques, industriels, commerciaux ou agricoles en vue d'assurer des relations de confiance entre les partenaires";"023000";"000000";"Maison de l'agriculture";"2";"";"RUE";"de Rome";"_";"67447";"67300";"Schiltigheim";"";"";"";"1 bis rue Principale";"67300";"57590";"MALAUCOURT SUR SEILLE";"FRANCE";"PM";"";"1";"";"D";"2017-12-18 12:45:41"
"W678000152";"078111";"82980487100012";"";"543P";"1986-12-09";"2025-09-09";"1987-02-05";"0001-01-01";"D";"S";"LIGUE DU GRAND EST DE HANDBALL";"LGEHB";"promouvoir l'éducation par les activités physiques et sportives, et l'accès de toutes et de tous à ces activité ; rassembler toutes les associations faisant pratiquer le handball et ses disciplines dérivées, connexes et complémentaires (sandball, minihandball, beachhandball, etc ; organiser, développer et contrôler la pratique du hadball et de ses disciplines dérivées, connexes et complémentaires (sandball, minihandball, beachhandball, etc ) ; contribuer, en relation avec l'institut fédéral de la formation et de l'emploi et les instituts territoriaux de la formation et de l'emploi, à la mise en oeuvre et à l'animation de toutes formations utiles au développement de la pratique du handball et de ses disciplines dérivées, connexes et complémentaires (sandball, minihandball, beachhandball, etc) ; organiser et promouvoir l'accession à la pratique des activités arbitrales, notamment pour les jeunes ; s'assurer du respect des règles techniques, de sécurité, d'encadrement et de déontologie relatives au handball ; organiser, en relation avec la fédération française de handball, la surveillance médicale de ses licenciés dans les conditions prévues par le titre III du livre II du code du sport ; établir des relations, dans le cadre des conventions établies par la fédération française de hadball, avec les associations ou groupements dont les activités sont en rapport avec ses objectifs, notamment avec les organismes régionaux des fédérations multisports ou affinitaires ; s'assurer du respect de la notion de développement durable dans les choix politiques, les règlements et les modes de gestion qui régissent son fonctionnement, le déroulement de ses activités et la tenue des manifesations qu'elle organise ; entretenir toutes relations utiles avec les autres ligues régionales, avec le comité régional olympique et sportif français (CXROSF) et avec les pouvoirs publics régionaux ;";"011070";"000000";"Maison Régionale des Sports";"13";"";"RUE";"Jean Moulin";"CS 70001_";"54526";"54510";"Tomblaine";"BOURZEIX CLAUDE";"";"";"55 RUE PRINCIPALE";"";"52320";"CERISIERES";"FRANCE";"MG";"https://www.grandesthandball.fr/";"1";"";"A";"2025-09-11 12:50:04"
"W678000153";"90286";"";"";"842P";"2018-06-22";"2022-11-29";"1901-07-01";"0001-01-01";"D";"S";"COMPAGNIE L'AURTISTE";"COMPAGNIE L'AURTISTE";"la création artistique en général, la production, la coréalisation et la diffusion de spectacles vivants en France, en Europe et dans le monde";"006070";"000000";"";"8";"";"BD";"Emile Destons";"_";"84007";"84000";"Avignon";"";"";"";"8  BOULEVARD EMILE DESTONS";"";"84000";"AVIGNON";"FRANCE";"PF";"";"1";"";"A";"2023-05-31 18:00:02"
"W678000154";"003636";"";"";"543P";"1988-07-01";"2018-06-08";"0001-01-01";"2018-05-12";"D";"S";"COMITE INTERPROFESSIONNEL REGIONAL PORCIN D'ALSACE CIR INTERPORCI";"COMITE INTERPROFESSIONNEL REGIONAL ...";"assurer la défense et la promotion des intérêts professionnels communs de ses membres ; promouvoir par ses initiatives et des actions, le développement harmonieux des différentes activités constituant la filière porcine";"023040";"000000";"Espace Européen de l'Entreprise";"2";"";"RUE";"de Rome";"cs30022_";"67482";"67000";"Strasbourg";"";"Espace Européen de l'Entreprise";"";"2  rue de Rome";"cs30022";"67000";"Strasbourg";"FRANCE";"PM";"";"1";"";"S";"2018-09-13 09:38:40"
"W678000155";"093307";"81791197700020";"";"543P";"2015-10-26";"2025-02-13";"1901-07-01";"0001-01-01";"D";"S";"LIGUE DU GRAND-EST DE VOL LIBRE (LGEVL)";"LGEVL";"organiser, diriger et promouvoir le développement et la pratique des activités de la fédération française de vol libre, sous toutes ses formes et dans toutes ses composantes, qui recouvrent notamment les activités de delat, de parapente, de cerf-volant, de glisses aérotractées (kite), de speed-riding et de boomerang, et de toute ature activité de la FFVL ; mettre en oeuvre les actions et prérogatives dévolues par le ministère et la FFVL sur le territoire concerné ; encourager, soutenir, coordo";"011135";"000000";"Maison Régionale des Sports de Lorraine";"13";"";"RUE";"Jean Moulin";"_";"54526";"54510";"Tomblaine";"";"";"";"47 RUE NOTRE-DAME DE LOURDES";"";"54000";"NANCY";"FRANCE";"PM";"https://www.lgevl.fr/";"1";"";"A";"2025-02-14 13:42:00"
"W678003156";"48 5";"";"";"552S";"2018-02-02";"2019-01-14";"2018-02-09";"0001-01-01";"D";"S";"ASSOCIATION NATIONALE DES JEUNES FRANCO-TURCS ANJFT";"ANJFT";"réunir des individus intéressés par les cultures turques et françaises
organiser des évènements à visée éducative, culturelle et historique
permettre à ses membres de s'épanouir dans le respect des valeurs républicaines et universelles";"014040";"000000";"";"14";"";"RUE";"de Picardie";"_";"55122";"55200";"Commercy";"";"14 rue de Picardie";"";"";"";"55200";"Commercy";"France";"PM";"";"1";"";"A";"2019-07-16 20:00:02"
"W678003157";"003636";"";"";"543P";"1988-07-01";"2019-09-25";"0001-01-01";"2019-09-25";"D";"S";"COMITE INTERPROFESSIONNEL RÉGIONAL PORCIN D'ALSACE";"COMITE INTERPROFESSIONNEL RÉGIONAL ...";"assurer la promotion et la défense des intérêts professionnels communs de ses membres par la mise en oeuvre d'actions collectives conformes à l'intérêt général et compatibles avec les règles de l'Union Européenne";"023040";"000000";"Espace Européen de l'Entreprise";"2";"";"RUE";"de Rome";"CS30022_";"67482";"67000";"Schiltigheim";"";"Espace Européen de l'Entreprise";"";"2  rue de Rome";"CS30022";"67000";"Schiltigheim";"FRANCE";"PM";"";"1";"";"D";"2019-09-25 14:49:54"
"W678003158";"0094267";"";"";"543P";"2016-09-29";"2023-03-07";"0001-01-01";"0001-01-01";"D";"S";"COMITE REGIONAL DES ASPTT GRAND EST";"COMITE REGIONAL DES ASPTT GRAND EST";"l'association dite comité régional des asptt grand est est constituée par
décision de la fsasptt en tant qu'organisme déconcentré de celle-ci et
qu'association-support du comité régional, le comité régional a pour objet : promouvoir et de coordonner la pratique des activités physiques et
sportives conformément à l'article 1er des statuts de la fsasptt, regrouper les membres affiliés à la fsasptt dont le siège social se situe
dans son ressort territorial et constitué en vue de la pratique du sport au sein
des asptt, coordonner l'activité des asptt, de mutualiser les actions menées par
les asptt en leur apportant un soutien logistique et administratif, et de
permettre l'accès aux financements régionaux, contribuer à la mise en oeuvre de la politique de la fsasptt, d'exercer
dans son ressort territorial, les compétences qui lui sont déléguées et de
réaliser les missions spécifiques qui lui sont confiées par la fsasptt, représenter, dans son ressort territorial, la fsasptt auprès du
mouvement sportif, des pouvoirs publics, des partenaires privés
institutionnels ainsi que, de façon générale, de toute personne physique ou
morale en vue d'accomplir les missions qui lui sont confiées, veiller à la mise en oeuvre des conventions signées par la fsasptt avec
les autres fédérations sportives et, au besoin, en signer avec les organes
déconcentrés de ces dernières, assurer les meilleures relations entre ses membres et de les représenter
au sein des instances de la fsasptt et des représentations territoriales, centraliser les informations et statistiques relatives aux licenciés, aux
associations et les faire parvenir à la fsasptt, conduire des actions de coopération avec les organisations sportives de
la direction régionale jeunesse et sport et le cros et, avec l'accord de la
fsasptt, d'organiser des compétitions ou manifestations sportives ou
constituer des équipes en vue de participer à de telles compétitions ou
manifestations, mener, après accord préalable de la fsasptt, toute action
complémentaire à la politique fédérale, mener des actions spécifiques permettant d'augmenter le taux de
féminisation et de contribuer à augmenter la pratique du sport dans les
quartiers sensibles, proposer des activités physiques et sportives pour handicapés physiques, visuels et auditifs, et pour les personnes ayant un handicap mental et/ ou
psychique, mettre en oeuvre des actions de formation sportive et administrative en
faveur des dirigeants, animateurs et bénévoles asptt, participer aux logiques de projet plus large entre régions, etre représentée aux assemblées générales des asptt du ressort
territorial et des comités départementaux lorsqu'ils existent ; le comité régional des asptt a pour objectif l'accès de tous à la pratique des
activités physiques et sportives ; il s'interdit toute discrimination ; il peut délivrer des licences indépendantes ; il veille au respect de ces principes par ses membres ainsi qu'au respect de la charte
de déontologie du sport établie par le comité national olympique et sportif
français, le cas échéant complétée par une charte éthique propre à la fsasptt ; sa durée est illimitée ; dans le cadre des statuts et règlements de la fsasptt, le comité régional
bénéficie d'une autonomie juridique et financière ; son ressort territorial est fixé par décision de la fsasptt ; il a son siège à maison régionale des sports 13 rue jean moulin 54510
tomblaine
le siège peut être transféré dans une autre commune par délibération de
l'assemblée générale ; le comité régional des asptt est représenté, au niveau régional, au sein de divers
organismes (cros, ) ;";"011000";"000000";"Maison régionale des sports";"13";"";"RUE";"Jean Moulin";"_";"54526";"54510";"Tomblaine";"";"";"";"6  CHEMIN LONG";"";"67000";"STRASBOURG";"FRANCE";"PM";"";"1";"publié dans journal les dernières nouvelles d'Alsace  le 4 novembre 2016";"A";"2023-09-06 18:00:02"
"W678003159";"84/100";"";"";"502S";"1994-11-02";"2019-12-03";"1901-07-01";"0001-01-01";"D";"S";"ASSOCIATION MULTI FRANCHISES DE COMMERCE (AMFC)";"AMFC";"assurer une relation et un échange constants entre les franchisés ou les commissionnaires de diverses enseignes en permettant une réflexion et une concertation communes sur les divers aspects de l'exercice des franchises ou contrats de commissionnaires ; promouvoir et développer la relation de partenariat entre les franchisés et leurs différents franchiseur ; coordonner et développer l'action des franchisés par des actions de réflexion sur des thèmes professionnels concernant les produits et les achats, les marchés et la concurrence, la logistique et les flux, la gestion commerciale et marketing etc ; organiser la représentation des intérêts des franchisés et de les doter d'un organe collégial à même de les assister et de les représenter dans les relations avec les différents franchiseurs ; exercer toute action ou recours devant toute juridiction ou instance dans le but de protéger ses membres ;";"022520";"000000";"";"39";"";"RUE";"des Portes";"_";"50129";"50100";"Cherbourg-en-Cotentin";"";"";"";"39  RUE DES PORTES";"";"50100";"CHERBOURG-EN-COTENTIN";"FRANCE";"PM";"";"1";"";"A";"2020-06-03 20:00:03"
"W678003160";"421800";"";"";"784P";"2011-08-05";"2020-02-28";"2011-09-12";"0001-01-01";"D";"S";"EKANG BETI EVEIL ET RENAISSANCE";"AEBER";"rassemblement de tous les peuples Ekang ; mutualisation des efforts des peuples Ekang ; rapprochement entre les peuples Ekang ; recherche de l'épanouissement des peuples Ekang";"014045";"000000";"";"21";"";"RES";"Elysée 1";"_";"78126";"78170";"La Celle-Saint-Cloud";"";"";"";"21  RESIDENCE ELYSéE 1";"";"78170";"LA    CELLE-SAINT-CLOUD";"FRANCE";"PM";"";"1";"Titre d'origine AKOK MVELE-DIASPORA";"A";"2020-06-27 12:45:43"
"W678003161";"";"";"";"862S";"2009-09-18";"2024-01-09";"2020-10-03";"2023-12-15";"D";"S";"TSQP";"TSQP";"le soutien à la création artistique et au  développement de l'activité culturelle";"006000";"000000";"";"30";"";"LD";"le grand breuil";"_";"86237";"86400";"saint pierre d exideuil";"";"";"";"400 LE GRAND BREUIL";"";"86400";"SAINT PIERRE D EXIDEUIL";"FRANCE";"PM";"";"0";"";"D";"2024-01-16 10:08:31"
"W678003162";"";"";"";"261S";"1998-05-27";"2024-05-06";"0001-01-01";"0001-01-01";"D";"S";"LE RAYON VERT";"LE RAYON VERT";"initier, soutenir, promouvoir, gérer toute activité, tout projet culturel ou artistique ayant la création la formation, l'animation comme moyens et objectifs en lien avec le développement local et la vie sociale dans le diois;";"006000";"000000";"";"8";"";"RUE";"du Serre";"_";"26113";"26150";"Die";"";"";"";"8  RUE DU SERRE";"";"26150";"DIE";"FRANCE";"PM";"";"0";"";"A";"2024-06-18 10:08:39"
"W678003163";"";"";"";"691P";"1979-09-14";"2025-01-31";"0001-01-01";"0001-01-01";"D";"S";"EUROPEAN SOCIETY OF BIOMECHANICS";"SOCIÉTÉ EUROPÉENNE DE BIOMÉCANIQUE";"favoriser, encourager, promouvoir et développer la recherche, les avancées et la communication d'informations à propos de la biomécanique ; promouvoir, mettre en oeuvre, soutenir et mener à bien toute action de recherche avec d'autres partenaires et des programmes de développement et d'information dans ce domaine particulier";"016030";"000000";"LBMC Univ Eiffel";"25";"";"AV";"François Mitterrand";"_";"69029";"69500";"Bron";"";"LBMC UNIV EIFFEL";"";"25  AVENUE FRANÇOIS MITTERRAND";"";"69500";"BRON";"FRANCE";"PM";"";"0";"";"A";"2025-08-02 18:00:02"
"W678003164";"";"";"";"131S";"2023-07-12";"2025-03-30";"0001-01-01";"0001-01-01";"D";"S";"ASSOCIATION GENERALE D'ORGANISATION DES RENCONTRES ARTISTIQUES DE SCIENCES PO - AGORAS";"ASSOCIATION GENERALE D'ORGANISATION...";"promouvoir la culture, les projets associatifs menés au cours de l'année et de favoriser l'enrichissement artistique et culturel mutuel";"006000";"000000";"";"25";"";"RUE";"Gaston de Saporta";"_";"13001";"13100";"Aix-en-Provence";"";"";"";"25 RUE GASTON DE SAPORTA";"IEP D'AIX-EN-PROVENCE";"13100";"AIX EN PROVENCE";"FRANCE";"CT";"";"0";"";"A";"2025-06-10 10:05:34"
"W678003165";"";"";"";"543P";"2024-07-29";"2024-08-16";"0001-01-01";"0001-01-01";"D";"S";"ASSOCIATION TERRITORIALE GRAND EST DES CEMEA";"ASSOCIATION TERRITORIALE GRAND Est ...";"ASSOCIATION TERRITORIALE GRAND EST DES Céméa";"015000";"000000";"";"1";"";"RUE";"Charles Gounod";"_";"54274";"54140";"Jarville-la-Malgrange";"";"";"";"15  RUE JACOBI-NETTER";"";"67200";"STRASBOURG";"FRANCE";"PF";"";"1";"";"A";"2025-12-10 14:26:20"
"W678003166";"30093";"";"";"212P";"2009-12-31";"2025-03-05";"1901-07-01";"0001-01-01";"D";"S";"MAJESTART";"MAJESTART";"accompagner le développement professionnel et personnel de l'artiste";"006100";"002000";"";"55";"";"RUE";"en Saint-Jacques";"_";"21231";"21000";"Dijon";"";"";"";"55 RUE EN SAINT JACQUES";"";"21000";"DIJON";"FRANCE";"PM";"";"1";"Association de droit local";"A";"2025-09-04 18:00:02"
"W678003167";"88-235";"";"";"931P";"2010-09-15";"2026-03-03";"2010-09-26";"0001-01-01";"D";"S";"CAISSE D'ENTRAIDE SOCIALE DE FUAF (FUAF)";"FUAF";"rapatriement vers la Turquie de personnes décédées en France ; la constitution et le développement d'un fonds en vu de prendre en charge les frais de rapatriement et de funérailles de ces membres et des membres de la famille ; l'organisation de rencontres, séminaires et conférences sur la santé ; conseils et assistance technique";"014035";"000000";"";"171";"";"AV";"Jean Jaurès";"_";"93029";"93700";"Drancy";"MADAME SEVINC DURAN";"";"";"171 AVENUE JEAN JAURèS";"";"93700";"DRANCY";"FRANCE";"PM";"";"1";"reprise manuelle de l'association de Strasbourg 67200";"A";"2026-03-04 16:14:03"
